{"cameraMode":{"drawMode":0,"name":"Shaded","section":"Shading Mode"},"sceneLighting":true,"audioPlay":false,"sceneViewState":{"showFog":true,"showMaterialUpdate":false,"showSkybox":true,"showFlares":true,"showImageEffects":true,"showParticleSystems":true},"in2DMode":false,"pivot":{"x":6.565269947052002,"y":0.6840062141418457,"z":-2.929375648498535},"rotation":{"x":0.002351022558286786,"y":0.9814914464950562,"z":-0.1911119818687439,"w":0.012074114754796029},"size":10.0,"orthographic":false}